reply,group
@sweetdayIight i love you too sleep well mwahh,Positive
@tobesocharly goodnight i love you,Positive
@tobesocharly goodnightt,Neutral
@sweetdayIight cries yes i will &lt;33,Neutral
@tobesocharly if u need to talk about it text me &lt;3,Neutral
"@tobesocharly goodnight, sleep well and see you in a few hours&lt;3",Neutral
@ChomperKat Sure. Just tell me what I can do ğŸ˜Œ,Positive
@ChomperKat Sure! :),Positive
@WorkerUnityNow You are so welcome! Literally!  :),Positive
"@WorkerUnityNow You're not alone! We don't want you to feel that way. We made an app that allows you to find the top 5 people most like you wherever you go and we'd love for you to join our community!

DM with any Q's!

IOS:  https://t.co/DM2bXJh0DV

Android: https://t.co/86MylpD88F",Positive
@myfiVeApp Thank you â¤ï¸,Neutral
@MzFireworks ğŸ˜®â€ğŸ’¨ğŸ™ŒğŸ¼â˜ºï¸ğŸ˜‚,Neutral
@MzFireworks Just charged minesğŸ—£ğŸ‰ğŸ˜‚ğŸ˜‚ğŸ˜‚,Neutral
@tarayoung_26 AyeeeeeeğŸ˜‚ğŸ˜­ https://t.co/yipssbeXNF,Neutral
"I've got to raise this money by noon. Hopefully moving this week, but need help to do so. Please Share my plea for help. 

@FernandAubry @CarolynUrban2 @PaulSorrentino3 @ripkin @ASnactivist @s4dsqu1dman @comradebirb @GotBeachGlass @Comrade_Aoife @TheComradeFist",Neutral
@Meeracle_eth You sef collect ğŸ¤ğŸ™ğŸ¤ğŸ™ğŸ”ŠğŸ”ŠğŸ”ŠğŸ“¢ğŸ“¢,Neutral
@KaweecheIchen real creative,Positive
@panicatheworId thank u aang ur so realğŸ«¶,Positive
@KIEUMYSALEX that's so real but I'll be rooting for you my prayers WILL change the universe in case it's needed amen,Positive
@Crissieamg Please see DM. Thanks!,Positive
@sarkissmith ğŸ« ,Neutral
@Chandler_Cahill Thanks daddy ğŸ–¤ğŸ–¤ğŸ–¤,Positive
@WTr8sh God youâ€™re so hot,Positive
@WTr8sh Anything for you zaddy ğŸ˜«,Neutral
@FranoisLaporte Thanks man,Positive
@Cuz_I_Was_High Am in ma room weeding and feeling like the most high,Positive
@Cuz_I_Was_High Dm directly or Snapchat:@brettalvine,Positive
@Cuz_I_Was_High Text liljah58 on IG theyâ€™re reliable,Positive
@Cuz_I_Was_High https://t.co/IOVnyMMz05,Positive
@Cuz_I_Was_High https://t.co/qDR69aLvgl,Positive
@Cuz_I_Was_High Bet,Positive
"@colinhwray How can we address gun violence in America? Would Jesus approve of the National Rifle Association? Link below ğŸ‘‡

#GunControlNow #GunViolencePrevention #ProtectingOurKidsAct #BanAssaultWeaponsNow #MarchForOurLivesJune11 #EndGunViolence #MarchForOurLives

https://t.co/u5Ed7xs9q8",Neutral
@daveyb0072 Thanks Dave,Positive
"@Carmel311710 Take csre Carmel, I hope life calms down for you soon, get some sleep,I'm hoping you feel better quickly!",Positive
"@Carmel311710 Thanks, you too.",Positive
@donnahot4Gaz Hope you feel better soon Donna,Positive
"@daveyb0072 Not too often thankfully, just had a few stressful things here to deal with so I wasnâ€™t sleeping which had me tired and brought on the headaches. Few good nights and Iâ€™ll be fine , thanks Dave ğŸ¤—",Positive
"@JeffFarkas10 Thanks Jeff , I wonâ€™t be on here much today either until this headache packs itâ€™s bags lol , have a great day ğŸ¤—",Positive
@Carmel311710 â¤ï¸,Neutral
@Carmel311710 Iâ€™ve had one too. Think itâ€™s partly sinus issues from allergiesâ€¦,Neutral
@Carmel311710 You too,Neutral
@Carmel311710 Sorry to hear Carmel do you get them often?,Negative
"@ChelBowPhill @notonthehighst @suzieleeknits Hello Chel, thank you for getting in touch. I am sorry to hear that you have yet to receive your order. Please send us a direct message or email us at info@notonthehighstreet.com stating your order number and we can look into this further for you. Best wishes, Fiona",Positive
@TheMindsJournal @iFarinablog_30,Neutral
@TheMindsJournal Is this how you feel about Shahrukh Khan?,Neutral
@AnikaTHoque @TheMindsJournal But SRK is not her romantic partner. He is gauri khan's.,Neutral
@TreeOfLife_Vid @navsurani,Neutral
@TreeOfLife_Vid @JaphetZuma,Neutral
"@TreeOfLife_Vid Instant follow back
ğŸ‘‰ @21Mayking ğŸ’¯",Neutral
"@lismichelle Well... I feel like I need to go to Madrid so I can join you on any trip! :) lol I love London, it's always fun to visit! I haven't been to the other 2 :( but want to visit them soooo bad!!!",Positive
adding that he will #work to reestablish the #leading role of Brazilian #ForeignPolicy  in the #mediation of #conflicts and of #peoples' #right to #defend themselves.,Neutral
@sweetdayIight i love you too sleep well mwahh,Positive
@tobesocharly goodnight i love you,Positive
@tobesocharly goodnightt,Neutral
@sweetdayIight cries yes i will &lt;33,Neutral
@tobesocharly if u need to talk about it text me &lt;3,Neutral
"@tobesocharly goodnight, sleep well and see you in a few hours&lt;3",Neutral
@ChomperKat Sure. Just tell me what I can do ğŸ˜Œ,Positive
@ChomperKat Sure! :),Positive
@WorkerUnityNow You are so welcome! Literally!  :),Positive
"@WorkerUnityNow You're not alone! We don't want you to feel that way. We made an app that allows you to find the top 5 people most like you wherever you go and we'd love for you to join our community!

DM with any Q's!

IOS:  https://t.co/DM2bXJh0DV

Android: https://t.co/86MylpD88F",Positive
@myfiVeApp Thank you â¤ï¸,Neutral
@MzFireworks ğŸ˜®â€ğŸ’¨ğŸ™ŒğŸ¼â˜ºï¸ğŸ˜‚,Neutral
@MzFireworks Just charged minesğŸ—£ğŸ‰ğŸ˜‚ğŸ˜‚ğŸ˜‚,Neutral
@tarayoung_26 AyeeeeeeğŸ˜‚ğŸ˜­ https://t.co/yipssbeXNF,Neutral
"I've got to raise this money by noon. Hopefully moving this week, but need help to do so. Please Share my plea for help. 

@FernandAubry @CarolynUrban2 @PaulSorrentino3 @ripkin @ASnactivist @s4dsqu1dman @comradebirb @GotBeachGlass @Comrade_Aoife @TheComradeFist",Neutral
@Meeracle_eth You sef collect ğŸ¤ğŸ™ğŸ¤ğŸ™ğŸ”ŠğŸ”ŠğŸ”ŠğŸ“¢ğŸ“¢,Neutral
@KaweecheIchen real creative,Positive
@panicatheworId thank u aang ur so realğŸ«¶,Positive
@KIEUMYSALEX that's so real but I'll be rooting for you my prayers WILL change the universe in case it's needed amen,Positive
@Crissieamg Please see DM. Thanks!,Positive
@sarkissmith ğŸ« ,Neutral
@Chandler_Cahill Thanks daddy ğŸ–¤ğŸ–¤ğŸ–¤,Positive
@WTr8sh God youâ€™re so hot,Positive
@WTr8sh Anything for you zaddy ğŸ˜«,Neutral
@FranoisLaporte Thanks man,Positive
@Cuz_I_Was_High Am in ma room weeding and feeling like the most high,Positive
@Cuz_I_Was_High Dm directly or Snapchat:@brettalvine,Positive
@Cuz_I_Was_High Text liljah58 on IG theyâ€™re reliable,Positive
@Cuz_I_Was_High https://t.co/IOVnyMMz05,Positive
@Cuz_I_Was_High https://t.co/qDR69aLvgl,Positive
@Cuz_I_Was_High Bet,Positive
"@colinhwray How can we address gun violence in America? Would Jesus approve of the National Rifle Association? Link below ğŸ‘‡

#GunControlNow #GunViolencePrevention #ProtectingOurKidsAct #BanAssaultWeaponsNow #MarchForOurLivesJune11 #EndGunViolence #MarchForOurLives

https://t.co/u5Ed7xs9q8",Neutral
@daveyb0072 Thanks Dave,Positive
"@Carmel311710 Take csre Carmel, I hope life calms down for you soon, get some sleep,I'm hoping you feel better quickly!",Positive
"@Carmel311710 Thanks, you too.",Positive
@donnahot4Gaz Hope you feel better soon Donna,Positive
"@daveyb0072 Not too often thankfully, just had a few stressful things here to deal with so I wasnâ€™t sleeping which had me tired and brought on the headaches. Few good nights and Iâ€™ll be fine , thanks Dave ğŸ¤—",Positive
"@JeffFarkas10 Thanks Jeff , I wonâ€™t be on here much today either until this headache packs itâ€™s bags lol , have a great day ğŸ¤—",Positive
@Carmel311710 â¤ï¸,Neutral
@Carmel311710 Iâ€™ve had one too. Think itâ€™s partly sinus issues from allergiesâ€¦,Neutral
@Carmel311710 You too,Neutral
@Carmel311710 Sorry to hear Carmel do you get them often?,Negative
"@ChelBowPhill @notonthehighst @suzieleeknits Hello Chel, thank you for getting in touch. I am sorry to hear that you have yet to receive your order. Please send us a direct message or email us at info@notonthehighstreet.com stating your order number and we can look into this further for you. Best wishes, Fiona",Positive
@TheMindsJournal @iFarinablog_30,Neutral
@TheMindsJournal Is this how you feel about Shahrukh Khan?,Neutral
@AnikaTHoque @TheMindsJournal But SRK is not her romantic partner. He is gauri khan's.,Neutral
@TreeOfLife_Vid @navsurani,Neutral
@TreeOfLife_Vid @JaphetZuma,Neutral
"@TreeOfLife_Vid Instant follow back
ğŸ‘‰ @21Mayking ğŸ’¯",Neutral
"@lismichelle Well... I feel like I need to go to Madrid so I can join you on any trip! :) lol I love London, it's always fun to visit! I haven't been to the other 2 :( but want to visit them soooo bad!!!",Positive
adding that he will #work to reestablish the #leading role of Brazilian #ForeignPolicy  in the #mediation of #conflicts and of #peoples' #right to #defend themselves.,Neutral
@MrsKorapat Good luck Mel u can do it and u are sooo pretty ğŸ˜³,Positive
@MooniMondschein Thank you mooniiiii â™¥ï¸ğŸ¥°,Neutral
@patpranbestbfs Thank youuu ğŸ¥ºğŸ¥°,Neutral
@MrsKorapat ğŸ¤ŸğŸ¼ğŸ˜‰ https://t.co/wnUDs9r2S9,Neutral
@HDFCBank_Cares More how much time kindly let me know,Positive
@HDFCBank_Cares I have Send you in DM kindly check,Positive
"@AbhiBeardoo Hi, we'll certainly look into this for you. Kindly DM us the Card Application No., along with the mobile number &amp; email ID for further assistance. All the details you provide will remain confidential and only be visible to HDFC Bank Admin. Also, we would request you to not post",Positive
@HDFCBank_Cares Still the same from different browser also sane what kind of service is this i don't understand @HDFC_Bank @HDFCLIFE https://t.co/SlYSc9T4ed,Positive
"@AbhiBeardoo Hi, we regret for any inconvenience caused. We note that insta card is not working. We request you to clear the temporary files, cookies and cache files and try again. Also, we suggest you to try in different browsers. -Varun",Positive
@HDFCBank_Cares I have not got any updates from your end @HDFC_Bank @HDFCLIFE @hdfcsec,Neutral
@AbhiBeardoo the details on Public Forum and only in the DM. -Manoj https://t.co/dQJRt1zIHU,Neutral
@HDFCBank_Cares More then 12 hours over u have not solved the issue,Neutral
@HDFCBank_Cares I did the same more than 5 times but same issue showing,Neutral
"@AbhiBeardoo Hi, thank you for sharing the details. I will ensure that it is taken up promptly. -Varun",Neutral
ğŸŒ´ğŸŒ´ğŸŒ´ğŸŒ´ğŸŒ´ğŸŒ´ğŸŒ´ğŸŒ´ğŸŒ´ğŸŒ´ğŸŒ´ğŸŒ´,Neutral
@TheDestinysToes @Footacular1 Iâ€™m never gonna put my all into IG like back in the day but i donâ€™t think i could fully dead the platform. Itâ€™s just too popular ğŸ˜©,Positive
@TheDestinysToes @wgtfent @Footacular1 This is why I keep screenshots &amp; use the notes app â˜ğŸ¾,Neutral
@Footacular1 @wgtfent Amen! We started late w twitter and lost IG THREE TIMES!,Negative
@wgtfent @Footacular1 We got violated wayyy too many times for really dumb shit after that we just decided a Twitter it is,Negative
@wgtfent Yea! Everyone just donâ€™t fuck wit Twitter like that. But I canâ€™t play those IG games no more ğŸ¤¦ğŸ½â€â™‚ï¸,Negative
@vincentsIove WHYâ€¼ï¸,Neutral
@a_marangiello @LeFortniteW Look at my son. So proud of him!!!ğŸ˜‡,Positive
@a_marangiello who tf is this bum,Neutral
@complaingel Wow that is truly the dream,Positive
@jilly_bby We can open one together if you want cuz Iâ€™m right there with you,Positive
@jilly_bby i want to own and operate the bar from its always sunny with my closest friends but society wonâ€™t accept that ğŸ˜”,Neutral
"@MarieMcgee66 Oh no! We're so sorry about that, Marie. That's not a great experience and we want to turn that around. Please reach out to us here: https://t.co/cpJkjb9o56. Please make sure youâ€™re the account holder. Weâ€™re here 8am â€“ 8pm during the week and 9am â€“ 6pm at the weekend -Suzi",Positive
https://t.co/2BlGnxH73J,Neutral
@hatreenax Its a case of having to be ok but thank you xxx,Neutral
@pooliechick Aww hope your doing ok â¤ï¸â¤ï¸â¤ï¸,Neutral
@1LUNCarmy @halfwaythere_1 #Luna is a very good example. Most people who invested all their money ended up jumping off the building.,Neutral
"@halfwaythere_1 @1LUNCarmy If you only have 50 dollars left, I won't invest it in #LUNC .",Neutral
@bwww77 @1LUNCarmy @halfwaythere_1 https://t.co/QwD35Lb15v,Neutral
@halfwaythere_1 Never put your last money into #cryptocurrency whether it's #lunc #BTC or anything! Only put in what you can afford! ğŸ¤™,Neutral
"@bwww77 @1LUNCarmy I guess the question should be, would you put $50 into lunc? If the burn rate is as predicted that $50 could turn into $690,000.",Neutral
@MrsKorapat Good luck Mel u can do it and u are sooo pretty ğŸ˜³,Positive
@MooniMondschein Thank you mooniiiii â™¥ï¸ğŸ¥°,Neutral
@patpranbestbfs Thank youuu ğŸ¥ºğŸ¥°,Neutral
@MrsKorapat ğŸ¤ŸğŸ¼ğŸ˜‰ https://t.co/wnUDs9r2S9,Neutral
@HDFCBank_Cares More how much time kindly let me know,Positive
@HDFCBank_Cares I have Send you in DM kindly check,Positive
"@AbhiBeardoo Hi, we'll certainly look into this for you. Kindly DM us the Card Application No., along with the mobile number &amp; email ID for further assistance. All the details you provide will remain confidential and only be visible to HDFC Bank Admin. Also, we would request you to not post",Positive
@HDFCBank_Cares Still the same from different browser also sane what kind of service is this i don't understand @HDFC_Bank @HDFCLIFE https://t.co/SlYSc9T4ed,Positive
"@AbhiBeardoo Hi, we regret for any inconvenience caused. We note that insta card is not working. We request you to clear the temporary files, cookies and cache files and try again. Also, we suggest you to try in different browsers. -Varun",Positive
@HDFCBank_Cares I have not got any updates from your end @HDFC_Bank @HDFCLIFE @hdfcsec,Neutral
@AbhiBeardoo the details on Public Forum and only in the DM. -Manoj https://t.co/dQJRt1zIHU,Neutral
@HDFCBank_Cares More then 12 hours over u have not solved the issue,Neutral
@HDFCBank_Cares I did the same more than 5 times but same issue showing,Neutral
"@AbhiBeardoo Hi, thank you for sharing the details. I will ensure that it is taken up promptly. -Varun",Neutral
ğŸŒ´ğŸŒ´ğŸŒ´ğŸŒ´ğŸŒ´ğŸŒ´ğŸŒ´ğŸŒ´ğŸŒ´ğŸŒ´ğŸŒ´ğŸŒ´,Neutral
@TheDestinysToes @Footacular1 Iâ€™m never gonna put my all into IG like back in the day but i donâ€™t think i could fully dead the platform. Itâ€™s just too popular ğŸ˜©,Positive
@TheDestinysToes @wgtfent @Footacular1 This is why I keep screenshots &amp; use the notes app â˜ğŸ¾,Neutral
@Footacular1 @wgtfent Amen! We started late w twitter and lost IG THREE TIMES!,Negative
@wgtfent @Footacular1 We got violated wayyy too many times for really dumb shit after that we just decided a Twitter it is,Negative
@wgtfent Yea! Everyone just donâ€™t fuck wit Twitter like that. But I canâ€™t play those IG games no more ğŸ¤¦ğŸ½â€â™‚ï¸,Negative
@vincentsIove WHYâ€¼ï¸,Neutral
@a_marangiello @LeFortniteW Look at my son. So proud of him!!!ğŸ˜‡,Positive
@a_marangiello who tf is this bum,Neutral
@complaingel Wow that is truly the dream,Positive
@jilly_bby We can open one together if you want cuz Iâ€™m right there with you,Positive
@jilly_bby i want to own and operate the bar from its always sunny with my closest friends but society wonâ€™t accept that ğŸ˜”,Neutral
"@MarieMcgee66 Oh no! We're so sorry about that, Marie. That's not a great experience and we want to turn that around. Please reach out to us here: https://t.co/cpJkjb9o56. Please make sure youâ€™re the account holder. Weâ€™re here 8am â€“ 8pm during the week and 9am â€“ 6pm at the weekend -Suzi",Positive
https://t.co/2BlGnxH73J,Neutral
@hatreenax Its a case of having to be ok but thank you xxx,Neutral
@pooliechick Aww hope your doing ok â¤ï¸â¤ï¸â¤ï¸,Neutral
@1LUNCarmy @halfwaythere_1 #Luna is a very good example. Most people who invested all their money ended up jumping off the building.,Neutral
"@halfwaythere_1 @1LUNCarmy If you only have 50 dollars left, I won't invest it in #LUNC .",Neutral
@bwww77 @1LUNCarmy @halfwaythere_1 https://t.co/QwD35Lb15v,Neutral
@halfwaythere_1 Never put your last money into #cryptocurrency whether it's #lunc #BTC or anything! Only put in what you can afford! ğŸ¤™,Neutral
"@bwww77 @1LUNCarmy I guess the question should be, would you put $50 into lunc? If the burn rate is as predicted that $50 could turn into $690,000.",Neutral
"@Relaxy_Taxi ğŸš€ SHIBA MOVE RUN ğŸš€
ğŸ”°Spywolf | Pinksale | InterFi Network KYC
ğŸ”Spywolf Audit
âœ…SC:75 BNB - HC:150 BNBâœ…
ğŸ•’Presale: https://t.co/CgjKdEMvhE

07/06 15:00 (UTC) ~ 08/06 15:00 (UTC)
$SMR: 0xeb48b42331F4C5D4458DD1c077E897dFFcb691b8 
https://t.co/PaZlawg1nu",Neutral
"@Relaxy_Taxi ğŸš€ SHIBA MOVE RUN ğŸš€
ğŸ”°Spywolf | Pinksale | InterFi Network KYC
ğŸ”Spywolf Audit
âœ…SC:75 BNB - HC:150 BNBâœ…
ğŸ•’Presale: https://t.co/CgjKdEMvhE

07/06 15:00 (UTC) ~ 08/06 15:00 (UTC)
$SMR: 0xeb48b42331F4C5D4458DD1c077E897dFFcb691b8 
https://t.co/PaZlawg1nu",Neutral
@ScottyWantsToNo @FortniteGame Yeah its really hard to vibe when you're getting constant pop ups every time you boot up the game going through your entire friend list. #vibekiller,Negative
@schiekapedia Wishing you all the best in your journey down the highway!,Positive
@DonCardenasArt Thanks very much!,Positive
@schiekapedia Take care and good luck!,Positive
@schiekapedia Good luck!!,Positive
"@pianotm26 Thank you, Thomas!",Neutral
@LazyHorde Thank you!,Neutral
@iamserenataylor @Mattytargett Ahhh fairs.  I meant it in  a positive way suggesting maybe your team had grown or some stuff had been updated to help you kind of thing.  Maybe just the other departments are now a tad more professional lol.,Positive
@iamserenataylor @MitchT1998 @Mattytargett Great work Serena ...keep it up plenty more to do this summer I reckon,Positive
@iamserenataylor @Mattytargett Loving your work! Great gig?,Positive
@iamserenataylor @Mattytargett I love MT because he's so understated - exactly the type of personality that we should be bringing to the club as we move into phase two of the project.,Positive
@iamserenataylor @Mattytargett You have just photo shopped Targett over Dan Ashworth ğŸ˜­ğŸ˜­ğŸ˜‚,Neutral
@manxpie86 @iamserenataylor @Mattytargett Twats dressed like twas and Matt Targett,Neutral
@iamserenataylor @Mattytargett well done :),Neutral
@iamserenataylor @Mattytargett #NUFC https://t.co/oPimcb48aG,Neutral
@deezamc79 @Mattytargett And it got delayedâ€¦  I couldâ€™ve had at least 2 more minutes with 4 more backdropsâ€¦ ğŸ¤£ğŸ¤£,Neutral
@cjlow_ @Mattytargett It doesnâ€™t take so long for the media side to be done and never has. Itâ€™s not held up by media related duties. Our department and everyone in it have always been professional and we are not doing anything we never already did before. Just saying. ğŸ˜Š,Negative
@STLStylings Next week,Neutral
@STLStylings Whew girl same,Neutral
@AQualityMess I just saw your TikTok! When is yours? Mines is Saturday,Neutral
"@AsterGroupUK Iâ€™m in talks with team members &amp; now on level 2 of my complaints! People need to know how long they could be delayed, so they donâ€™t end up severely out of pocket, almost homeless, stressed beyond belief &amp; living in limbo for a year or more!",Neutral
"@jenstimp Oh no, weâ€™ve been looking at an Aster home. Which development is this if you donâ€™t mind me asking?",Neutral
"@N1181xX This is in Basingstoke! Just had the terrible news that Premier (the warranty company) have walked away, so no warranty sign off! Iâ€™m almost out of money for my temporary rental, that I was meant to be in for 2 months, now over 6! My kids &amp; I are almost homeless now!",Negative
"@N1181xX What did you see on Trustpilot? Iâ€™m just exhausted from it all &amp; communication is shockingly bad! They tried to offer me Â£500 in compensation, which doesnâ€™t go anywhere near the cost to cover a months rent ffs!!! If I had any choice, Iâ€™d go elsewhere!",Negative
@jenstimp Hi Jen - sorry to hear this.  We understand our sales team are in communication about this but please drop us a DM if youâ€™d like a member of the sales team to contact you.,Negative
"@jenstimp Oh my gosh! So sorry to hear all that, shocking! I really hope you and the kids get something sorted either way. I read some reviews on trustpilot which concerned me now this.",Negative
"@smunro1988 Hi, please send us over a DM we will be happy to help",Positive
"@Relaxy_Taxi ğŸš€ SHIBA MOVE RUN ğŸš€
ğŸ”°Spywolf | Pinksale | InterFi Network KYC
ğŸ”Spywolf Audit
âœ…SC:75 BNB - HC:150 BNBâœ…
ğŸ•’Presale: https://t.co/CgjKdEMvhE

07/06 15:00 (UTC) ~ 08/06 15:00 (UTC)
$SMR: 0xeb48b42331F4C5D4458DD1c077E897dFFcb691b8 
https://t.co/PaZlawg1nu",Neutral
"@Relaxy_Taxi ğŸš€ SHIBA MOVE RUN ğŸš€
ğŸ”°Spywolf | Pinksale | InterFi Network KYC
ğŸ”Spywolf Audit
âœ…SC:75 BNB - HC:150 BNBâœ…
ğŸ•’Presale: https://t.co/CgjKdEMvhE

07/06 15:00 (UTC) ~ 08/06 15:00 (UTC)
$SMR: 0xeb48b42331F4C5D4458DD1c077E897dFFcb691b8 
https://t.co/PaZlawg1nu",Neutral
@ScottyWantsToNo @FortniteGame Yeah its really hard to vibe when you're getting constant pop ups every time you boot up the game going through your entire friend list. #vibekiller,Negative
@schiekapedia Wishing you all the best in your journey down the highway!,Positive
@DonCardenasArt Thanks very much!,Positive
@schiekapedia Take care and good luck!,Positive
@schiekapedia Good luck!!,Positive
"@pianotm26 Thank you, Thomas!",Neutral
@LazyHorde Thank you!,Neutral
@iamserenataylor @Mattytargett Ahhh fairs.  I meant it in  a positive way suggesting maybe your team had grown or some stuff had been updated to help you kind of thing.  Maybe just the other departments are now a tad more professional lol.,Positive
@iamserenataylor @MitchT1998 @Mattytargett Great work Serena ...keep it up plenty more to do this summer I reckon,Positive
@iamserenataylor @Mattytargett Loving your work! Great gig?,Positive
@iamserenataylor @Mattytargett I love MT because he's so understated - exactly the type of personality that we should be bringing to the club as we move into phase two of the project.,Positive
@iamserenataylor @Mattytargett You have just photo shopped Targett over Dan Ashworth ğŸ˜­ğŸ˜­ğŸ˜‚,Neutral
@manxpie86 @iamserenataylor @Mattytargett Twats dressed like twas and Matt Targett,Neutral
@iamserenataylor @Mattytargett well done :),Neutral
@iamserenataylor @Mattytargett #NUFC https://t.co/oPimcb48aG,Neutral
@deezamc79 @Mattytargett And it got delayedâ€¦  I couldâ€™ve had at least 2 more minutes with 4 more backdropsâ€¦ ğŸ¤£ğŸ¤£,Neutral
@cjlow_ @Mattytargett It doesnâ€™t take so long for the media side to be done and never has. Itâ€™s not held up by media related duties. Our department and everyone in it have always been professional and we are not doing anything we never already did before. Just saying. ğŸ˜Š,Negative
@STLStylings Next week,Neutral
@STLStylings Whew girl same,Neutral
@AQualityMess I just saw your TikTok! When is yours? Mines is Saturday,Neutral
"@AsterGroupUK Iâ€™m in talks with team members &amp; now on level 2 of my complaints! People need to know how long they could be delayed, so they donâ€™t end up severely out of pocket, almost homeless, stressed beyond belief &amp; living in limbo for a year or more!",Neutral
"@jenstimp Oh no, weâ€™ve been looking at an Aster home. Which development is this if you donâ€™t mind me asking?",Neutral
"@N1181xX This is in Basingstoke! Just had the terrible news that Premier (the warranty company) have walked away, so no warranty sign off! Iâ€™m almost out of money for my temporary rental, that I was meant to be in for 2 months, now over 6! My kids &amp; I are almost homeless now!",Negative
"@N1181xX What did you see on Trustpilot? Iâ€™m just exhausted from it all &amp; communication is shockingly bad! They tried to offer me Â£500 in compensation, which doesnâ€™t go anywhere near the cost to cover a months rent ffs!!! If I had any choice, Iâ€™d go elsewhere!",Negative
@jenstimp Hi Jen - sorry to hear this.  We understand our sales team are in communication about this but please drop us a DM if youâ€™d like a member of the sales team to contact you.,Negative
"@jenstimp Oh my gosh! So sorry to hear all that, shocking! I really hope you and the kids get something sorted either way. I read some reviews on trustpilot which concerned me now this.",Negative
"@smunro1988 Hi, please send us over a DM we will be happy to help",Positive
"@jenstimp Someone else in the same boat as you on trustpilot plus others. Have they told you what the delay is? Phase 1 of where Iâ€™m looking was sold out January or before I think, but nobody has moved in yet and the phase 2 launch has been pushed back. Houses are all complete too.",Positive
"@AsterGroupUK Iâ€™m in talks with team members &amp; now on level 2 of my complaints! People need to know how long they could be delayed, so they donâ€™t end up severely out of pocket, almost homeless, stressed beyond belief &amp; living in limbo for a year or more!",Neutral
"@jenstimp Oh no, weâ€™ve been looking at an Aster home. Which development is this if you donâ€™t mind me asking?",Neutral
"@N1181xX This is in Basingstoke! Just had the terrible news that Premier (the warranty company) have walked away, so no warranty sign off! Iâ€™m almost out of money for my temporary rental, that I was meant to be in for 2 months, now over 6! My kids &amp; I are almost homeless now!",Negative
"@N1181xX What did you see on Trustpilot? Iâ€™m just exhausted from it all &amp; communication is shockingly bad! They tried to offer me Â£500 in compensation, which doesnâ€™t go anywhere near the cost to cover a months rent ffs!!! If I had any choice, Iâ€™d go elsewhere!",Negative
@jenstimp Hi Jen - sorry to hear this.  We understand our sales team are in communication about this but please drop us a DM if youâ€™d like a member of the sales team to contact you.,Negative
"@jenstimp Oh my gosh! So sorry to hear all that, shocking! I really hope you and the kids get something sorted either way. I read some reviews on trustpilot which concerned me now this.",Negative
"@jenstimp Someone else in the same boat as you on trustpilot plus others. Have they told you what the delay is? Phase 1 of where Iâ€™m looking was sold out January or before I think, but nobody has moved in yet and the phase 2 launch has been pushed back. Houses are all complete too.",Positive
"@AsterGroupUK Iâ€™m in talks with team members &amp; now on level 2 of my complaints! People need to know how long they could be delayed, so they donâ€™t end up severely out of pocket, almost homeless, stressed beyond belief &amp; living in limbo for a year or more!",Neutral
"@jenstimp Oh no, weâ€™ve been looking at an Aster home. Which development is this if you donâ€™t mind me asking?",Neutral
"@N1181xX This is in Basingstoke! Just had the terrible news that Premier (the warranty company) have walked away, so no warranty sign off! Iâ€™m almost out of money for my temporary rental, that I was meant to be in for 2 months, now over 6! My kids &amp; I are almost homeless now!",Negative
"@N1181xX What did you see on Trustpilot? Iâ€™m just exhausted from it all &amp; communication is shockingly bad! They tried to offer me Â£500 in compensation, which doesnâ€™t go anywhere near the cost to cover a months rent ffs!!! If I had any choice, Iâ€™d go elsewhere!",Negative
@jenstimp Hi Jen - sorry to hear this.  We understand our sales team are in communication about this but please drop us a DM if youâ€™d like a member of the sales team to contact you.,Negative
"@jenstimp Oh my gosh! So sorry to hear all that, shocking! I really hope you and the kids get something sorted either way. I read some reviews on trustpilot which concerned me now this.",Negative
"@jenstimp Someone else in the same boat as you on trustpilot plus others. Have they told you what the delay is? Phase 1 of where Iâ€™m looking was sold out January or before I think, but nobody has moved in yet and the phase 2 launch has been pushed back. Houses are all complete too.",Positive
"@AsterGroupUK Iâ€™m in talks with team members &amp; now on level 2 of my complaints! People need to know how long they could be delayed, so they donâ€™t end up severely out of pocket, almost homeless, stressed beyond belief &amp; living in limbo for a year or more!",Neutral
"@jenstimp Oh no, weâ€™ve been looking at an Aster home. Which development is this if you donâ€™t mind me asking?",Neutral
"@N1181xX Where abouts are you looking? Theyâ€™ve said that the delays are lack of builders &amp; materials, which is ridiculous as they have continued to build other houses on the site! I was meant to move August 2021 &amp; am still waiting, with no move date in sight!",Neutral
"@N1181xX This is in Basingstoke! Just had the terrible news that Premier (the warranty company) have walked away, so no warranty sign off! Iâ€™m almost out of money for my temporary rental, that I was meant to be in for 2 months, now over 6! My kids &amp; I are almost homeless now!",Negative
"@N1181xX What did you see on Trustpilot? Iâ€™m just exhausted from it all &amp; communication is shockingly bad! They tried to offer me Â£500 in compensation, which doesnâ€™t go anywhere near the cost to cover a months rent ffs!!! If I had any choice, Iâ€™d go elsewhere!",Negative
@jenstimp Hi Jen - sorry to hear this.  We understand our sales team are in communication about this but please drop us a DM if youâ€™d like a member of the sales team to contact you.,Negative
"@jenstimp Oh my gosh! So sorry to hear all that, shocking! I really hope you and the kids get something sorted either way. I read some reviews on trustpilot which concerned me now this.",Negative
"@jenstimp Someone else in the same boat as you on trustpilot plus others. Have they told you what the delay is? Phase 1 of where Iâ€™m looking was sold out January or before I think, but nobody has moved in yet and the phase 2 launch has been pushed back. Houses are all complete too.",Positive
"@AsterGroupUK Iâ€™m in talks with team members &amp; now on level 2 of my complaints! People need to know how long they could be delayed, so they donâ€™t end up severely out of pocket, almost homeless, stressed beyond belief &amp; living in limbo for a year or more!",Neutral
"@jenstimp Oh no, weâ€™ve been looking at an Aster home. Which development is this if you donâ€™t mind me asking?",Neutral
"@N1181xX Where abouts are you looking? Theyâ€™ve said that the delays are lack of builders &amp; materials, which is ridiculous as they have continued to build other houses on the site! I was meant to move August 2021 &amp; am still waiting, with no move date in sight!",Neutral
"@N1181xX This is in Basingstoke! Just had the terrible news that Premier (the warranty company) have walked away, so no warranty sign off! Iâ€™m almost out of money for my temporary rental, that I was meant to be in for 2 months, now over 6! My kids &amp; I are almost homeless now!",Negative
"@N1181xX What did you see on Trustpilot? Iâ€™m just exhausted from it all &amp; communication is shockingly bad! They tried to offer me Â£500 in compensation, which doesnâ€™t go anywhere near the cost to cover a months rent ffs!!! If I had any choice, Iâ€™d go elsewhere!",Negative
@jenstimp Hi Jen - sorry to hear this.  We understand our sales team are in communication about this but please drop us a DM if youâ€™d like a member of the sales team to contact you.,Negative
"@jenstimp Oh my gosh! So sorry to hear all that, shocking! I really hope you and the kids get something sorted either way. I read some reviews on trustpilot which concerned me now this.",Negative
"@jenstimp Someone else in the same boat as you on trustpilot plus others. Have they told you what the delay is? Phase 1 of where Iâ€™m looking was sold out January or before I think, but nobody has moved in yet and the phase 2 launch has been pushed back. Houses are all complete too.",Positive
"@jenstimp Thatâ€™s nearly a year!! So sorry to hear this, it must have ruined any excitement completely for you all. Site we were looking at is in Farnham. From what I can see all the houses are ready but the road doesnâ€™t seem to be finished",Positive
"@AsterGroupUK Iâ€™m in talks with team members &amp; now on level 2 of my complaints! People need to know how long they could be delayed, so they donâ€™t end up severely out of pocket, almost homeless, stressed beyond belief &amp; living in limbo for a year or more!",Neutral
"@N1181xX Yep, the excitement has been replaced with anxiety &amp; feeling frightened that weâ€™ll be homeless! We are in a similar situation where the house is there, we have been inside it &amp; looked round, yet it still wonâ€™t get signed off ğŸ˜³ Itâ€™s so disheartening ğŸ¥º",Neutral
"@jenstimp Oh no, weâ€™ve been looking at an Aster home. Which development is this if you donâ€™t mind me asking?",Neutral
"@N1181xX Where abouts are you looking? Theyâ€™ve said that the delays are lack of builders &amp; materials, which is ridiculous as they have continued to build other houses on the site! I was meant to move August 2021 &amp; am still waiting, with no move date in sight!",Neutral
"@N1181xX This is in Basingstoke! Just had the terrible news that Premier (the warranty company) have walked away, so no warranty sign off! Iâ€™m almost out of money for my temporary rental, that I was meant to be in for 2 months, now over 6! My kids &amp; I are almost homeless now!",Negative
"@N1181xX What did you see on Trustpilot? Iâ€™m just exhausted from it all &amp; communication is shockingly bad! They tried to offer me Â£500 in compensation, which doesnâ€™t go anywhere near the cost to cover a months rent ffs!!! If I had any choice, Iâ€™d go elsewhere!",Negative
@jenstimp Hi Jen - sorry to hear this.  We understand our sales team are in communication about this but please drop us a DM if youâ€™d like a member of the sales team to contact you.,Negative
"@jenstimp Oh my gosh! So sorry to hear all that, shocking! I really hope you and the kids get something sorted either way. I read some reviews on trustpilot which concerned me now this.",Negative
@JaySeaDaGod bettttt,Neutral
"@APainPrincess Then comes stomach ulcers, gum deteriorates from stress... from constant 4 to 8.
.pain levels.",Neutral
@JaySeaDaGod bettttt,Neutral
"@APainPrincess Then comes stomach ulcers, gum deteriorates from stress... from constant 4 to 8.
.pain levels.",Neutral
"@jenstimp Someone else in the same boat as you on trustpilot plus others. Have they told you what the delay is? Phase 1 of where Iâ€™m looking was sold out January or before I think, but nobody has moved in yet and the phase 2 launch has been pushed back. Houses are all complete too.",Positive
"@jenstimp Thatâ€™s nearly a year!! So sorry to hear this, it must have ruined any excitement completely for you all. Site we were looking at is in Farnham. From what I can see all the houses are ready but the road doesnâ€™t seem to be finished",Positive
"@AsterGroupUK Iâ€™m in talks with team members &amp; now on level 2 of my complaints! People need to know how long they could be delayed, so they donâ€™t end up severely out of pocket, almost homeless, stressed beyond belief &amp; living in limbo for a year or more!",Neutral
"@N1181xX Yep, the excitement has been replaced with anxiety &amp; feeling frightened that weâ€™ll be homeless! We are in a similar situation where the house is there, we have been inside it &amp; looked round, yet it still wonâ€™t get signed off ğŸ˜³ Itâ€™s so disheartening ğŸ¥º",Neutral
"@jenstimp Oh no, weâ€™ve been looking at an Aster home. Which development is this if you donâ€™t mind me asking?",Neutral
"@N1181xX Where abouts are you looking? Theyâ€™ve said that the delays are lack of builders &amp; materials, which is ridiculous as they have continued to build other houses on the site! I was meant to move August 2021 &amp; am still waiting, with no move date in sight!",Neutral
"@N1181xX This is in Basingstoke! Just had the terrible news that Premier (the warranty company) have walked away, so no warranty sign off! Iâ€™m almost out of money for my temporary rental, that I was meant to be in for 2 months, now over 6! My kids &amp; I are almost homeless now!",Negative
"@N1181xX What did you see on Trustpilot? Iâ€™m just exhausted from it all &amp; communication is shockingly bad! They tried to offer me Â£500 in compensation, which doesnâ€™t go anywhere near the cost to cover a months rent ffs!!! If I had any choice, Iâ€™d go elsewhere!",Negative
@jenstimp Hi Jen - sorry to hear this.  We understand our sales team are in communication about this but please drop us a DM if youâ€™d like a member of the sales team to contact you.,Negative
"@jenstimp Oh my gosh! So sorry to hear all that, shocking! I really hope you and the kids get something sorted either way. I read some reviews on trustpilot which concerned me now this.",Negative
"@reddevil1975 Iceland are pretty good for delivery slots down this way when the other supermarkets are fully booked, have you tried them? X",Positive
@tracymilton Thank you Tracy yes I use Iceland deliveries every week they are great I agree .But unfortunately we are not all home at the same time they drop it off downstairs and it's impossible for me to carry it all up the stairs on my own xx,Negative
@sherbyrfc *appealing,Positive
@sherbyrfc Keep on to them mate,Neutral
@sherbyrfc Or applying!?,Neutral
@sherbyrfc Who knows https://t.co/oy3rm4Ntco,Neutral
@Empressnana6 Iâ€™m enjoying camp oooğŸ˜‚,Positive
@Empressnana6 Come to AkwaIbom ğŸ˜‚,Neutral
@goziee_,Neutral
"@goziee_ Na mumu dey enjoy campğŸ˜‚ğŸ˜‚, I hate youğŸ¤§",Negative
@eoilswithbetz Free @calm premium for a year! https://t.co/2Y4w4PPW4O https://t.co/wsqNOMxTow,Positive
@arkthaengineer I second that!,Neutral
@HitTapiaLives Was morso talkin bout my mood than the scene itself but yes i do agree lmao,Positive
"@Dominurtrix @RebeccaSmith777 Nothing I choose ever seems to work out...but I want to make better choices, truly.",Positive
@RebeccaSmith777 Thanks. My whole life is a difficult time :P haha. uh.,Positive
@call_me_moxie @RebeccaSmith777 Choices choices....,Neutral
@Dominurtrix @RebeccaSmith777 Ughhhh. Yes ma'am. Maybe I like flirting with danger.,Neutral
@call_me_moxie Oh no! Iâ€™m sorry to hear you are facing difficult times:-(,Negative
@LigerSexy https://t.co/JXiawGEk8e,Neutral
@LigerSexy Sending many hugs your way ğŸ«‚ğŸ¥º,Neutral
@elephantrising1 @DanielDiMartino @Fan_of_gorton did you try opening an RBC US account? You will be able to use that.,Positive
@dollaretteco @DanielDiMartino @Fan_of_gorton the banking associate i spoke with at RBC wasnâ€™t all that great and I ended up sticking with TD because they have a trandfer partnership with Bank of America. However Iâ€™m looking at all options . I blame myself for being unprepared I didnâ€™t even have a brick mortar cdn account ğŸ¤¦â€â™‚ï¸,Positive
"@elephantrising1 @DanielDiMartino @Fan_of_gorton If you're young and ambitious, go to the US. RBC can give you US accounts in the states, but there is a yearly/monthly fee. One way to get to the US is with a student visa.",Positive
@dollaretteco @DanielDiMartino @Fan_of_gorton I am moving there on a student visa but I never had any US chequing account now Iâ€™m fked because I canâ€™t pay a rental deposit with a USD check. Who still uses check books?! Btw the landlord is a cdn!! Offered to pay converted amts in cad and settle differences later but no can do,Neutral
@Queenposha It's like they don't want u to win,Positive
@Queenposha Replay of dead space 2 has me smoking all of mine ğŸ˜…ğŸ˜…,Negative
@brockdickerson0 You got this broâ¤ï¸,Neutral
"@reddevil1975 Iceland are pretty good for delivery slots down this way when the other supermarkets are fully booked, have you tried them? X",Positive
@tracymilton Thank you Tracy yes I use Iceland deliveries every week they are great I agree .But unfortunately we are not all home at the same time they drop it off downstairs and it's impossible for me to carry it all up the stairs on my own xx,Negative
@sherbyrfc *appealing,Positive
@sherbyrfc Keep on to them mate,Neutral
@sherbyrfc Or applying!?,Neutral
@sherbyrfc Who knows https://t.co/oy3rm4Ntco,Neutral
@Empressnana6 Iâ€™m enjoying camp oooğŸ˜‚,Positive
@Empressnana6 Come to AkwaIbom ğŸ˜‚,Neutral
@goziee_,Neutral
"@goziee_ Na mumu dey enjoy campğŸ˜‚ğŸ˜‚, I hate youğŸ¤§",Negative
@eoilswithbetz Free @calm premium for a year! https://t.co/2Y4w4PPW4O https://t.co/wsqNOMxTow,Positive
@arkthaengineer I second that!,Neutral
@HitTapiaLives Was morso talkin bout my mood than the scene itself but yes i do agree lmao,Positive
"@Dominurtrix @RebeccaSmith777 Nothing I choose ever seems to work out...but I want to make better choices, truly.",Positive
@RebeccaSmith777 Thanks. My whole life is a difficult time :P haha. uh.,Positive
@call_me_moxie @RebeccaSmith777 Choices choices....,Neutral
@Dominurtrix @RebeccaSmith777 Ughhhh. Yes ma'am. Maybe I like flirting with danger.,Neutral
@call_me_moxie Oh no! Iâ€™m sorry to hear you are facing difficult times:-(,Negative
@LigerSexy https://t.co/JXiawGEk8e,Neutral
@LigerSexy Sending many hugs your way ğŸ«‚ğŸ¥º,Neutral
@elephantrising1 @DanielDiMartino @Fan_of_gorton did you try opening an RBC US account? You will be able to use that.,Positive
@dollaretteco @DanielDiMartino @Fan_of_gorton the banking associate i spoke with at RBC wasnâ€™t all that great and I ended up sticking with TD because they have a trandfer partnership with Bank of America. However Iâ€™m looking at all options . I blame myself for being unprepared I didnâ€™t even have a brick mortar cdn account ğŸ¤¦â€â™‚ï¸,Positive
"@elephantrising1 @DanielDiMartino @Fan_of_gorton If you're young and ambitious, go to the US. RBC can give you US accounts in the states, but there is a yearly/monthly fee. One way to get to the US is with a student visa.",Positive
@dollaretteco @DanielDiMartino @Fan_of_gorton I am moving there on a student visa but I never had any US chequing account now Iâ€™m fked because I canâ€™t pay a rental deposit with a USD check. Who still uses check books?! Btw the landlord is a cdn!! Offered to pay converted amts in cad and settle differences later but no can do,Neutral
@Queenposha It's like they don't want u to win,Positive
@Queenposha Replay of dead space 2 has me smoking all of mine ğŸ˜…ğŸ˜…,Negative
@brockdickerson0 You got this broâ¤ï¸,Neutral
@WANTED_joh Hydrate and rest.ğŸ™ğŸ½,Neutral
@SouthernRailUK Am I able to claim for the cost of my Uber for having to travel to not miss my train due to there not being any updates? And being delayed for an unknown amount of time!,Positive
"@_Tommy_91_ Hi there, apologies for the delay to your service. There is currently single line working taking place between East Croydon and Gatwick Airport, meaning only one of the four available lines is in use, this what is causing delays. We hope to have you moving shortly. ^Emily",Positive
"@_Tommy_91_ Hi Thomas, if you wish to log this formally you can do so here - https://t.co/F6fYRTAH3C - ^Jack",Neutral
@SouthernRailUK That would be helpful to know as the train guard knows nothing! If we had have been told to change trains I wouldnâ€™t have missed my flight,Neutral
"Every experience is a unique one, there will always be a worse off. It doesnâ€™t negate anyone elseâ€™s situation.

And right now Iâ€™m fucking hungry and crying and mad because Iâ€™m expected to live like this, and Iâ€™m actually one of the LUCKY ones.",Negative
"And look, I know it could be worse, I donâ€™t need to be reminded. I know my situation isnâ€™t the worst out there. Yâ€™all, my whole body is in so much pain right now, Iâ€™m hungry, my knee keeps swelling overnight, my head is going to combust.",Negative
@Undead_Daddi What do you think Iâ€™m doing right now??? Fuck.,Negative
@Undead_Daddi I hate how relatable this is,Negative
@R6Program ğŸ˜­ğŸ˜­,Neutral
@s6usn lmfao,Neutral
@starseedjazzy Such a perfect combination ğŸ’š,Positive
@njslostairpods i get kinda strong driving anxiety ğŸ˜­,Positive
"@chromaliee oh, in that case very #proud of you ğŸ˜",Neutral
@chromaliee oh do you not like driving ? ğŸ˜­,Neutral
"The illness, which experts say could be typhoid or cholera, comes amid a wave of Covid infections.",Neutral
@WANTED_joh Hydrate and rest.ğŸ™ğŸ½,Neutral
@SouthernRailUK Am I able to claim for the cost of my Uber for having to travel to not miss my train due to there not being any updates? And being delayed for an unknown amount of time!,Positive
"@_Tommy_91_ Hi there, apologies for the delay to your service. There is currently single line working taking place between East Croydon and Gatwick Airport, meaning only one of the four available lines is in use, this what is causing delays. We hope to have you moving shortly. ^Emily",Positive
"@_Tommy_91_ Hi Thomas, if you wish to log this formally you can do so here - https://t.co/F6fYRTAH3C - ^Jack",Neutral
@SouthernRailUK That would be helpful to know as the train guard knows nothing! If we had have been told to change trains I wouldnâ€™t have missed my flight,Neutral
"Every experience is a unique one, there will always be a worse off. It doesnâ€™t negate anyone elseâ€™s situation.

And right now Iâ€™m fucking hungry and crying and mad because Iâ€™m expected to live like this, and Iâ€™m actually one of the LUCKY ones.",Negative
"And look, I know it could be worse, I donâ€™t need to be reminded. I know my situation isnâ€™t the worst out there. Yâ€™all, my whole body is in so much pain right now, Iâ€™m hungry, my knee keeps swelling overnight, my head is going to combust.",Negative
@Undead_Daddi What do you think Iâ€™m doing right now??? Fuck.,Negative
@Undead_Daddi I hate how relatable this is,Negative
@R6Program ğŸ˜­ğŸ˜­,Neutral
@s6usn lmfao,Neutral
@starseedjazzy Such a perfect combination ğŸ’š,Positive
@njslostairpods i get kinda strong driving anxiety ğŸ˜­,Positive
"@chromaliee oh, in that case very #proud of you ğŸ˜",Neutral
@chromaliee oh do you not like driving ? ğŸ˜­,Neutral
"The illness, which experts say could be typhoid or cholera, comes amid a wave of Covid infections.",Neutral
@_AsleO We're really sorry to hear that. Can we ask if it's contact from our Group bookings team you are still waiting on? James,Negative
@siporacoffelt Haha thanks,Positive
@Linnaeus_Sky Here's to a surprisingly good day. https://t.co/TyzfkQgUAE,Positive
@HCHelfand Thanks! â˜ºï¸,Positive
"@AuthorMarkRunte Cute! Yes, hopefully youâ€™ll be able to take more pics of Ollie",Positive
@DNARNADan Awww the tongue sticking out is cute ğŸ¥°,Positive
@Linnaeus_Sky ğŸ‘€,Neutral
@Linnaeus_Sky https://t.co/t0r88o8Jfe,Neutral
@Linnaeus_Sky https://t.co/NNJZxsOrXB,Neutral
@Linnaeus_Sky Pet pic. Go make some moneyğŸ˜¤ https://t.co/hEL8Pzezzg,Neutral
@Conkel62 Awww buddy! â¤ï¸,Neutral
@MTorezwriting I appreciate it cousin. Iâ€™ll be okay. Iâ€™ll message you if I need to â¤ï¸,Positive
@Kayleskaay Xxxxxxxxxxxx,Neutral
@Kayleskaay Would u like to chat xx u have my number brother,Neutral
@_AsleO We're really sorry to hear that. Can we ask if it's contact from our Group bookings team you are still waiting on? James,Negative
@siporacoffelt Haha thanks,Positive
@Linnaeus_Sky Here's to a surprisingly good day. https://t.co/TyzfkQgUAE,Positive
@HCHelfand Thanks! â˜ºï¸,Positive
"@AuthorMarkRunte Cute! Yes, hopefully youâ€™ll be able to take more pics of Ollie",Positive
@DNARNADan Awww the tongue sticking out is cute ğŸ¥°,Positive
@Linnaeus_Sky ğŸ‘€,Neutral
@Linnaeus_Sky https://t.co/t0r88o8Jfe,Neutral
@Linnaeus_Sky https://t.co/NNJZxsOrXB,Neutral
@Linnaeus_Sky Pet pic. Go make some moneyğŸ˜¤ https://t.co/hEL8Pzezzg,Neutral
@Conkel62 Awww buddy! â¤ï¸,Neutral
@MTorezwriting I appreciate it cousin. Iâ€™ll be okay. Iâ€™ll message you if I need to â¤ï¸,Positive
@Kayleskaay Xxxxxxxxxxxx,Neutral
@Kayleskaay Would u like to chat xx u have my number brother,Neutral
@Linnaeus_Sky ğŸ‘€,Neutral
@Linnaeus_Sky Pet pic. Go make some moneyğŸ˜¤ https://t.co/hEL8Pzezzg,Neutral
@Conkel62 Awww buddy! â¤ï¸,Neutral
@Linnaeus_Sky ğŸ‘€,Neutral
@Linnaeus_Sky Pet pic. Go make some moneyğŸ˜¤ https://t.co/hEL8Pzezzg,Neutral
@Conkel62 Awww buddy! â¤ï¸,Neutral
@RealAliCopeman Jaycar likely have them. I'm nearby with time to kill. Want me to check?,Neutral
"@Surreylaydee Hi Kazzianne, I'm really sorry about this. DM me your Tweet and Screenshot along with your order number, address, email address and telephone number so I can look into this for you -Thanks Mark",Positive
@JoesieDink I failed cause i had it today lol â€¦ keep me lifted lol,Positive
@JoesieDink @KendraNicoleKy Me starting Monday,Neutral
"@Slaughter_bear @USPS @NZXT Where are you shipping it to and from? Iâ€™ve shipped PCs to other countries for a lot less, but if you are really considering on a new PC Iâ€™d love to work with you. Just check out my work. https://t.co/H68bj9uMQp",Positive
"@Slaughter_bear I did some guestimating using my pc weight and some measurements since I'm not sure what your build is 100%, but it shouldn't cost more than like $350-500 for the extreme, I'm seeing some shipping prices as low as $77 for 3 day shipping.",Positive
@Slaughter_bear According to the internet it shouldnâ€™t be that much. Quick google and saying the box dimensions are like 28x16x16 (packing box) and no more than 55 lbs prices range from 100-500$,Positive
"@Slaughter_bear @USPS @NZXT Nah man. That's ridiculous. The NZXT computer you'd buy would also be shipped and they certainly aren't paying $1,000 each. @PowerGPU offers actual crate shipping and though it isn't cheap, it's also not even close to $1,000. We ship a lot, I can walk you through some options.",Positive
@Slaughter_bear @USPS ğŸ‘€,Neutral
"So you've taken the Healthy Work Survey and want to do something about your #workstress?

Check out our Healthy Work Tools! https://t.co/zH2tdCTEyc
Here you can find ways to cope individually AND collectively. 

You're not alone. Get the support you need today.
#healthywork
2/2",Positive
@libbyh @clifflampe Sneakers.,Neutral
"@SongBird43085 Oh, didn't know the pity party started.",Negative
"@KayHaskayne_TW It depends which fence you are responsible for, for instance at mine weâ€™re responsible for the one on the left. So whoever is responsible for that particular side of fencing has to pay x",Positive
"@KayHaskayne_TW If theyâ€™re not your fences then you shouldnâ€™t have to pay anything, check your deeds and land registry to confirm theyâ€™re not yours and if not tell them youâ€™re not paying anything",Neutral
"@gary_doherty14 Hi Gary. We are sorry for this. Please do not worry! Bring your documents with you, and we will verify them at check-in. Our team will be happy to assist you at embarkation.
We look forward to welcoming you onboard.",Positive
@Shelson14 @VFSGlobal @vfsglobalcare I have not and Iâ€™ve been checking for over a month now. Holiday booked for beginning August,Neutral
@PotentEpitome Don't know if it will raise a laugh but it certainly did for me ğŸ¤£ https://t.co/RwGj3pc3DW,Positive
@Trishiak_27 @KarsteinHawes @PassportCan Why wonâ€™t they transfer it?,Neutral
"@Trishiak_27 @Ownedbyagirl84 @PassportCan Iâ€™ve found usually it arrives around a month after being charged, havenâ€™t even been charged yet though",Neutral
"@chanell1996xo We're sorry to hear this. Can you send us a DM with your order number, email address and postcode so we can look into this? Thanks - Grant https://t.co/2b2XYZLJTp",Positive
@dich62 ğŸ’œâ˜¹ï¸â˜¹ï¸ğŸ’œ,Neutral
@dich62 ğŸ˜¢,Neutral
"@Persian_Peach @Pati I'm sorry to hear about delay to your journey yesterday. I hope that you did enjoy the overall experience with us ,despite the delay.",Negative
@JimothyN7 Same bro,Neutral
@fan_reddish aye can you shoot me a dm real quick.,Positive
@fan_reddish Only buy the essentials https://t.co/BjdLYJLLIb,Neutral
@nardistique Ka bweset sa mga hashtags! Hahaha,Positive
@nardistique CONGRATS TEH!!!,Neutral
@nardistique Congraaats Nard!! âœ¨ğŸ’—,Neutral
@nardistique Dasurvvv big congratulations!!!!,Neutral
@Carrick_Girl is she old enough for / does she have a drivers licence,Positive
"@Carrick_Girl If SNP take over she will probably require a new passport at, possibly, Â£200!!",Positive
@Carrick_Girl Photo Id depends though I flew from Manchester to Belfast earlier on in year with air lingus (only 1 available for the day I was going) and those fuckers asked for passport.,Positive
"@Carrick_Girl No passport required, just photographic ID xx",Neutral
"@Carrick_Girl Iâ€™ve flown to Glasgow at least 10 times this football season and Iâ€™m yet to be asked for ID, Iâ€™ve only been asked for my ticket before boarding so they can scan it",Neutral
@Carrick_Girl All domestic flights are photograph Id for boarding,Neutral
@Carrick_Girl Depends on the airline,Neutral
"@joeyrudder https://t.co/dle1XRKj0E

Hey can you check out my new song!! Thanks for your time #GodIsGood",Positive
@acasorguk So many colleagues off sick or leaving due to workplace stress.Just another way to get rid of colleagues and get fresh new ones,Negative
@chaosisorderly *hugs*,Neutral
@CardboardNirvan yeah probably best to get your affairs in order,Positive
@CardboardNirvan You're fine: Most communities have a number you can call to have your house burned down with flamethrowers. https://t.co/W4GSbDnwJn,Positive
"@CardboardNirvan You should not fear it. Its a predator of smaller insects. You might be more worry about what you don't see ğŸ˜‰
I'm Sorry in Advance 
Have a great day!",Positive
@CardboardNirvan Pics or it didn't happen. ğŸ˜‰ğŸ˜„,Neutral
@CardboardNirvan Cooooool!,Neutral
@CardboardNirvan Satan's mustache.,Neutral
@CardboardNirvan https://t.co/1MylnZ15b3,Neutral
@CardboardNirvan More likely it lays the eggs in your ear,Neutral
"@CardboardNirvan Destroy it with fire. If you it is still BUGGING you, I know some people upstate that take care of problems, if you know what I mean. (I wish twitter had a mafia guy voice that would read to people) https://t.co/VXq5pIsIXj",Negative
@CardboardNirvan I like to give these guys the bad end of a sandal.,Negative
